<nodeDefs>
    <!-- NODE DEF from 5.0 document http://wiki.universal-devices.com/index.php?title=V50_MAIN -->
    <!-- Wemo Control Node -->
    <nodeDef id="WEMO_CTRL" nls="CTRL">
        <editors />
        <sts>
            <st id="ST" editor="BOOL" />
        </sts>
        <cmds>
            <sends />
            <accepts>
                <cmd id="DISCOVER" />
            </accepts>
        </cmds>
    </nodeDef>
    <!-- Wemo Switch Node -->
    <nodeDef id="WEMO_SWITCH" nls="SWITCH">
        <editors />
        <sts>
            <st id="ST"  editor="ONOFF" />
        </sts>
        <cmds>
            <sends>
                <cmd id="DON" />
                <cmd id="DOF" />
            </sends>
            <accepts>
                <cmd id="DON" />
                <cmd id="DOF" />
                <cmd id="DFON" />
                <cmd id="DFOF" />
                <cmd id="QUERY" />                
            </accepts>
        </cmds>
    </nodeDef>
    <!-- Wemo Dimmer Node -->
    <nodeDef id="WEMO_DIMMER" nls="DIMMER">
        <editors />
        <sts>
            <st id="ST"  editor="ONOFF" />
            <st id="GV0" editor="PERCENT" />
        </sts>
        <cmds>
            <sends>
                <cmd id="DON" />
                <cmd id="DOF" />
            </sends>
            <accepts>
                <cmd id="DON" />
                <cmd id="DOF" />
                <cmd id="DFON" />
                <cmd id="DFOF" />
                <cmd id="BRT" />
                <cmd id="DIM" />
                <cmd id="QUERY" />
                <!--
                    <cmd id="SET_ON_LEVEL" >
                        <p id="" editor="PERCENT" init="GV0" />
                    </cmd>
                -->
            </accepts>
        </cmds>
    </nodeDef>
    <!-- Wemo Insight Smart Plug Node -->
    <nodeDef id="WEMO_INSIGHT" nls="INSIGHT">
        <editors />
        <sts>
            <st id="ST"  editor="ONOFF" />
            <st id="GV0" editor="TIME" />       <!-- Time On -->
            <st id="GV1" editor="TIME" />       <!-- Time On -->
            <st id="GV2" editor="TIME" />       <!-- Time On -->
            
        </sts>
        <cmds>
            <sends>
                <cmd id="DON" />
                <cmd id="DOF" />
            </sends>
            <accepts>
                <cmd id="DON" />
                <cmd id="DOF" />
                <cmd id="DFON" />
                <cmd id="DFOF" />
                <cmd id="QUERY" />
                <cmd id="SET_THRESHOLD" >
                    <p id="" editor="PERCENT" init="GV0" />
                </cmd>
            </accepts>
        </cmds>
    </nodeDef>
</nodeDefs>
